{
  "hands": [
    "1 ARKH",
    "3 HT",
    "9 HT",
    "4 HT",
    "8 HT",
    "6 HT",
    "16 HT",
    "2 HT",
    "12 HT",
    "11 HT",
    "10 HT",
    "5 HT",
    "1 KH",
    "4 ZA",
    "5 ZA",
    "1 ZA",
    "3 ZA",
    "2 ZA"
  ],
  "doc_counts": [
    3,
    5,
    18,
    4,
    2,
    3,
    1,
    2,
    1,
    2,
    2,
    2,
    5,
    3,
    2,
    7,
    1,
    1
  ],
  "sign_totals": [
    46,
    119,
    349,
    28,
    72,
    109,
    15,
    22,
    32,
    21,
    53,
    19,
    70,
    70,
    41,
    101,
    21,
    30
  ],
  "primary_sites": [
    "Arkhanes",
    "Haghia Triada",
    "Haghia Triada",
    "Haghia Triada",
    "Haghia Triada",
    "Haghia Triada",
    "Haghia Triada",
    "Haghia Triada",
    "Haghia Triada",
    "Haghia Triada",
    "Haghia Triada",
    "Haghia Triada",
    "Khania",
    "Zakros",
    "Zakros",
    "Zakros",
    "Zakros",
    "Zakros"
  ],
  "similarity_matrix": [
    [
      1.0,
      0.43760979477744427,
      0.5829960525488157,
      0.10369516947304253,
      0.46420708254852766,
      0.2748751858049031,
      0.07024393586862705,
      0.12598815766974242,
      0.11785113019775793,
      0.2932942300427066,
      0.32824397594488747,
      0.3405026123034995,
      0.4207431671864468,
      0.6370460758082593,
      0.3417995363907376,
      0.404732830716669,
      0.3450327796711772,
      0.40824829046386324
    ],
    [
      0.43760979477744427,
      0.9999999999999999,
      0.6631965041466519,
      0.26906497651276773,
      0.39074877719972456,
      0.5590089532609916,
      0.21987736577384157,
      0.27242510312167756,
      0.2718190398501006,
      0.38051533894395445,
      0.5424627299177176,
      0.3365811462580359,
      0.3932122714797829,
      0.46381821986802046,
      0.48176780227234167,
      0.5455522426204202,
      0.34105914105237445,
      0.49812785640150165
    ],
    [
      0.5829960525488157,
      0.6631965041466519,
      0.9999999999999999,
      0.2735290058039563,
      0.6508451236814556,
      0.48289816589575196,
      0.3437277362520276,
      0.3843513290118517,
      0.2450915971762486,
      0.494467644934143,
      0.48186319884287443,
      0.3202221180226426,
      0.43376036892481273,
      0.6297419577923292,
      0.5366074438249189,
      0.5300079865784368,
      0.5983140114195566,
      0.48225709387719623
    ],
    [
      0.10369516947304253,
      0.26906497651276773,
      0.2735290058039563,
      1.0,
      0.1714846143400627,
      0.19064454790487176,
      0.37876575538624213,
      0.3723343557930697,
      0.09776474334756885,
      0.0,
      0.2808078463914107,
      0.264813570666188,
      0.15230499150902665,
      0.05114214254947675,
      0.2835436868147591,
      0.14498326363216638,
      0.12880163722232757,
      0.12700012700019048
    ],
    [
      0.46420708254852766,
      0.39074877719972456,
      0.6508451236814556,
      0.1714846143400627,
      1.0,
      0.34200717736119235,
      0.3097734590948616,
      0.5044296328024895,
      0.30089031128281335,
      0.39568378355153316,
      0.47854701353028967,
      0.17782168978975482,
      0.43146187116790014,
      0.4197334584902377,
      0.3525905902319635,
      0.42699965126952705,
      0.5165374786121205,
      0.45305152225567213
    ],
    [
      0.2748751858049031,
      0.5590089532609916,
      0.48289816589575196,
      0.19064454790487176,
      0.34200717736119235,
      1.0,
      0.1316763771835988,
      0.32019498839770427,
      0.2039250967738326,
      0.2696121052395569,
      0.5058579404262187,
      0.20253499811090597,
      0.32099853515967075,
      0.3081755427473174,
      0.3340523060388754,
      0.38200049441241807,
      0.21642393703916174,
      0.34768974372957384
    ],
    [
      0.07024393586862705,
      0.21987736577384157,
      0.3437277362520276,
      0.37876575538624213,
      0.3097734590948616,
      0.1316763771835988,
      0.9999999999999999,
      0.24779731389167603,
      0.11037769642208697,
      0.32963425737213164,
      0.29974293434196575,
      0.14350946197048192,
      0.13756348999218176,
      0.10778163126401763,
      0.05691103932244722,
      0.13784255517473737,
      0.19389168358237036,
      0.14338483366910107
    ],
    [
      0.12598815766974242,
      0.27242510312167756,
      0.3843513290118517,
      0.3723343557930697,
      0.5044296328024895,
      0.32019498839770427,
      0.24779731389167603,
      1.0000000000000002,
      0.4602832499602864,
      0.02771369977368467,
      0.38770175433269627,
      0.1930468356263361,
      0.16191735072072874,
      0.14498627873361333,
      0.21052872564651207,
      0.16688141571420936,
      0.3912303982179759,
      0.09643959372630745
    ],
    [
      0.11785113019775793,
      0.2718190398501006,
      0.2450915971762486,
      0.09776474334756885,
      0.30089031128281335,
      0.2039250967738326,
      0.11037769642208697,
      0.4602832499602864,
      1.0,
      0.0,
      0.29980040747925746,
      0.1404501619333974,
      0.23079590528422153,
      0.10333123443895047,
      0.23870495801314434,
      0.2312641043786534,
      0.26024001945294223,
      0.22853448155422684
    ],
    [
      0.2932942300427066,
      0.38051533894395445,
      0.494467644934143,
      0.0,
      0.39568378355153316,
      0.2696121052395569,
      0.32963425737213164,
      0.02771369977368467,
      0.0,
      0.9999999999999998,
      0.28881619257273733,
      0.26215206019559845,
      0.29616370383762886,
      0.397792513812585,
      0.2227729596770565,
      0.3561174118741516,
      0.33394720739540407,
      0.31430927854685603
    ],
    [
      0.32824397594488747,
      0.5424627299177176,
      0.48186319884287443,
      0.2808078463914107,
      0.47854701353028967,
      0.5058579404262187,
      0.29974293434196575,
      0.38770175433269627,
      0.29980040747925746,
      0.28881619257273733,
      1.0,
      0.29339081961556807,
      0.38418692249973346,
      0.2833056304807236,
      0.3490468762698241,
      0.35024384481328946,
      0.20385887657505028,
      0.3140743172685038
    ],
    [
      0.3405026123034995,
      0.3365811462580359,
      0.3202221180226426,
      0.264813570666188,
      0.17782168978975482,
      0.20253499811090597,
      0.14350946197048192,
      0.1930468356263361,
      0.1404501619333974,
      0.26215206019559845,
      0.29339081961556807,
      1.0000000000000002,
      0.3125763218963632,
      0.39184799246266794,
      0.3620824200783102,
      0.2756251722880316,
      0.24671758189758455,
      0.3388359228427465
    ],
    [
      0.4207431671864468,
      0.3932122714797829,
      0.43376036892481273,
      0.15230499150902665,
      0.43146187116790014,
      0.32099853515967075,
      0.13756348999218176,
      0.16191735072072874,
      0.23079590528422153,
      0.29616370383762886,
      0.38418692249973346,
      0.3125763218963632,
      1.0000000000000002,
      0.4175337672648248,
      0.3997622456764521,
      0.44134294637716626,
      0.3167349480043518,
      0.4497190133975168
    ],
    [
      0.6370460758082593,
      0.46381821986802046,
      0.6297419577923292,
      0.05114214254947675,
      0.4197334584902377,
      0.3081755427473174,
      0.10778163126401763,
      0.14498627873361333,
      0.10333123443895047,
      0.397792513812585,
      0.2833056304807236,
      0.39184799246266794,
      0.4175337672648248,
      1.0,
      0.37460998429385234,
      0.471812551356907,
      0.4537843165207519,
      0.5453142948613947
    ],
    [
      0.3417995363907376,
      0.48176780227234167,
      0.5366074438249189,
      0.2835436868147591,
      0.3525905902319635,
      0.3340523060388754,
      0.05691103932244722,
      0.21052872564651207,
      0.23870495801314434,
      0.2227729596770565,
      0.3490468762698241,
      0.3620824200783102,
      0.3997622456764521,
      0.37460998429385234,
